auth,user,policy,storage,l_added,l_modified,l_deleted,pii_count,critical_risk,high_risk,medium_risk,low_risk
Auth,FR_0446,NONE,cookies,1454,1883,475,2,122,746,445,141
Auth,FR_0446,NONE,indexeddb,9987,0,0,3,0,7521,2466,0
Auth,FR_0446,NONE,localstorage,259,272,168,3,0,127,132,0
Auth,FR_0446,NONE,sessionstorage,122,39,51,3,0,41,22,59
Auth,FR_0446,PARTIAL,cookies,1824,3762,952,1,157,894,587,186
Auth,FR_0446,PARTIAL,indexeddb,16277,0,0,30,0,11825,4452,0
Auth,FR_0446,PARTIAL,localstorage,269,496,233,4,0,117,152,0
Auth,FR_0446,PARTIAL,sessionstorage,115,80,106,5,0,48,26,41
Auth,FR_0446,ALL,cookies,2026,3416,939,4,170,975,668,213
Auth,FR_0446,ALL,indexeddb,15477,0,0,5,0,10333,5144,0
Auth,FR_0446,ALL,localstorage,277,415,333,3,0,127,150,0
Auth,FR_0446,ALL,sessionstorage,92,63,82,1,0,52,18,22
Auth,FR_0417,NONE,cookies,1285,1605,642,1,139,626,405,115
Auth,FR_0417,NONE,indexeddb,12254,0,0,31,0,9716,2538,0
Auth,FR_0417,NONE,localstorage,226,219,100,2,0,94,132,0
Auth,FR_0417,NONE,sessionstorage,94,56,29,2,0,24,40,30
Auth,FR_0417,PARTIAL,cookies,1303,1752,443,1,153,679,364,107
Auth,FR_0417,PARTIAL,indexeddb,9402,0,0,17,0,6947,2455,0
Auth,FR_0417,PARTIAL,localstorage,225,241,176,2,0,92,133,0
Auth,FR_0417,PARTIAL,sessionstorage,81,41,28,1,0,21,39,21
Auth,FR_0417,ALL,cookies,1239,2247,734,3,56,554,483,146
Auth,FR_0417,ALL,indexeddb,10306,0,0,45,0,7083,3223,0
Auth,FR_0417,ALL,localstorage,336,284,179,4,0,122,214,0
Auth,FR_0417,ALL,sessionstorage,122,52,67,13,0,49,33,40
Auth,FR_0458,NONE,cookies,1368,1852,557,3,100,554,509,205
Auth,FR_0458,NONE,indexeddb,5361,0,0,2,0,1670,3691,0
Auth,FR_0458,NONE,localstorage,357,240,282,5,0,131,226,0
Auth,FR_0458,NONE,sessionstorage,204,141,108,4,0,74,43,87
Auth,FR_0458,PARTIAL,cookies,2331,2864,741,2,163,1183,725,260
Auth,FR_0458,PARTIAL,indexeddb,5297,0,0,18,0,2335,2962,0
Auth,FR_0458,PARTIAL,localstorage,546,338,455,13,0,237,309,0
Auth,FR_0458,PARTIAL,sessionstorage,264,125,164,5,0,100,55,109
Auth,FR_0458,ALL,cookies,1480,3449,846,5,122,771,418,169
Auth,FR_0458,ALL,indexeddb,6818,0,0,5,0,1919,4899,0
Auth,FR_0458,ALL,localstorage,328,457,683,3,0,123,205,0
Auth,FR_0458,ALL,sessionstorage,264,179,134,6,0,102,41,121
UnAuth,FR_0446,NONE,cookies,2318,5240,1202,5,172,1047,902,197
UnAuth,FR_0446,NONE,indexeddb,49199,0,0,10,0,41376,7823,0
UnAuth,FR_0446,NONE,localstorage,520,676,159,6,0,201,319,0
UnAuth,FR_0446,NONE,sessionstorage,250,63,50,7,0,57,67,126
UnAuth,FR_0446,PARTIAL,cookies,2258,4774,1168,8,209,1021,816,212
UnAuth,FR_0446,PARTIAL,indexeddb,18356,0,0,10,0,12938,5418,0
UnAuth,FR_0446,PARTIAL,localstorage,499,564,129,10,0,185,314,0
UnAuth,FR_0446,PARTIAL,sessionstorage,263,79,29,3,0,77,72,114
UnAuth,FR_0446,ALL,cookies,2449,5916,1209,2,112,1164,918,255
UnAuth,FR_0446,ALL,indexeddb,87618,0,0,18,0,72873,14745,0
UnAuth,FR_0446,ALL,localstorage,492,742,241,4,0,229,263,0
UnAuth,FR_0446,ALL,sessionstorage,209,82,27,5,0,68,53,88
UnAuth,FR_0417,NONE,cookies,1115,962,379,65,104,486,448,77
UnAuth,FR_0417,NONE,indexeddb,4215,0,0,5,0,1466,2749,0
UnAuth,FR_0417,NONE,localstorage,242,232,58,3,0,82,160,0
UnAuth,FR_0417,NONE,sessionstorage,141,17,18,5,0,36,63,42
UnAuth,FR_0417,PARTIAL,cookies,1126,1307,376,67,76,586,399,65
UnAuth,FR_0417,PARTIAL,indexeddb,15900,0,0,6,0,12491,3409,0
UnAuth,FR_0417,PARTIAL,localstorage,255,236,95,5,0,89,166,0
UnAuth,FR_0417,PARTIAL,sessionstorage,142,30,9,3,0,49,52,41
UnAuth,FR_0417,ALL,cookies,1701,2393,592,68,132,991,547,31
UnAuth,FR_0417,ALL,indexeddb,28007,0,0,0,0,23453,4554,0
UnAuth,FR_0417,ALL,localstorage,387,381,95,6,0,156,231,0
UnAuth,FR_0417,ALL,sessionstorage,134,42,12,1,0,45,55,34
UnAuth,FR_0458,NONE,cookies,2560,3943,823,6,176,1397,764,223
UnAuth,FR_0458,NONE,indexeddb,4298,0,0,0,0,1511,2787,0
UnAuth,FR_0458,NONE,localstorage,799,572,136,8,0,359,440,0
UnAuth,FR_0458,NONE,sessionstorage,322,169,31,10,0,86,76,160
UnAuth,FR_0458,PARTIAL,cookies,2370,2498,646,4,143,1236,746,245
UnAuth,FR_0458,PARTIAL,indexeddb,3805,0,0,1,0,1227,2578,0
UnAuth,FR_0458,PARTIAL,localstorage,651,426,112,5,0,247,404,0
UnAuth,FR_0458,PARTIAL,sessionstorage,366,103,17,15,0,108,110,148
UnAuth,FR_0458,ALL,cookies,2584,3313,686,38,132,1445,819,188
UnAuth,FR_0458,ALL,indexeddb,3565,0,0,1,0,793,2772,0
UnAuth,FR_0458,ALL,localstorage,958,612,81,9,0,428,530,0
UnAuth,FR_0458,ALL,sessionstorage,478,142,15,12,0,138,133,207
